{
	"Credential": "cf",
	"CF": {
		"Target": "https://api.cf.us10.hana.ondemand.com",
		"Organization": "17d29bb8-d801-4a24-b57a-dd8723bd4700",
		"Space": "8a788ecf-52a2-4886-aafd-d9bfd4d6799f",
		"Deploy": {
			"Description": "",
			"WebClient": {
				"Runtime": "preview",
				"URL": "https://mdk-webclient-runtime-preview.cfapps.sap.hana.ondemand.com/preview/"
			},
			"Destination": [
				{
					"CF": "SampleServiceV2",
					"MDK": "SampleServiceV2",
					"URL": ""
				}
			],
			"Name": "ns.MobileDemoSampleApp",
			"Version": "1.0.0",
			"AppRouter": "standalone",
			"URL": "https://sap-presales-brazil---btp-sap-presales-br-usa-dev-nsmob688cc0f3.cfapps.us10.hana.ondemand.com/nsMobileDemoSampleApp"
		}
	},
	"MobileService": {
		"Type": "standard",
		"AdminAPI": "https://mobile-service-cockpit-api.cfapps.us10.hana.ondemand.com/cockpit/v1/org/17d29bb8-d801-4a24-b57a-dd8723bd4700/space/8a788ecf-52a2-4886-aafd-d9bfd4d6799f",
		"AppId": "com.sap.mdk.demo",
		"Destination": [
			"com.sap.edm.sampleservice.v2",
			"SampleServiceV2"
		]
	},
	"Onboarding": {
		"Schema": "sapmobilesvcs",
		"TimeZone": "UTC",
		"URL": "sapmobilesvcs://?AppId=com.sap.mdk.demo&ClientId=8f0e77d4-0715-49e3-ba8e-b882a000d653&ServerUrl=https://sap-presales-br-usa-dev-com-sap-mdk-demo.cfapps.us10.hana.ondemand.com&SapCloudPlatformEndpoint=https://sap-presales-br-usa-dev-com-sap-mdk-demo.cfapps.us10.hana.ondemand.com&AuthorizationEndpointUrl=https://sap-presales-br-usa-dev-com-sap-mdk-demo.cfapps.us10.hana.ondemand.com/oauth2/api/v1/authorize&RedirectUrl=https://sap-presales-br-usa-dev-com-sap-mdk-demo.cfapps.us10.hana.ondemand.com&TokenUrl=https://sap-presales-br-usa-dev-com-sap-mdk-demo.cfapps.us10.hana.ondemand.com/oauth2/api/v1/token&multiUser=false"
	},
	"LCAP": {
		"FullName": "",
		"Service": [],
		"sourceTemplate": {
			"id": "html5moduletemplates.basicSAPUI5ApplicationProjectModule",
			"version": "1.40.12"
		}
	},
	"Build": {
		"SourceMap": true,
		"WMF": false
	}
}